date,open,high,low,close,volume,ticker,change
2020-04-13,23698.9297,23698.9297,23095.3496,23390.7695,396556314.0,DJI,
2020-04-09,23690.6602,24008.9902,23504.0898,23719.3691,566400000.0,DJI,0.014048259506811
2020-04-08,22893.4707,23513.4004,22682.9902,23433.5703,472740000.0,DJI,-0.0120491737699718
2020-04-07,23537.4395,23617.2402,22634.4492,22653.8594,594660000.0,DJI,-0.033273243898306
2020-04-06,21693.6309,22783.4492,21693.6309,22679.9902,610760000.0,DJI,0.00115348115915292
2020-04-03,21285.9297,21447.8105,20863.0898,21052.5293,450010000.0,DJI,-0.0717575662797245
2020-04-02,20819.4609,21477.7695,20735.0195,21413.4395,529540000.0,DJI,0.0171433177865237
2020-04-01,21227.3809,21487.2402,20784.4297,20943.5098,506680000.0,DJI,-0.0219455496628648
2020-03-31,22208.4199,22480.3691,21852.0801,21917.1602,571210000.0,DJI,0.0464893615873305
2020-03-30,21678.2207,22378.0898,21522.0801,22327.4805,545540000.0,DJI,0.0187214172025809
2020-03-27,21898.4707,22327.5703,21469.2695,21636.7793,588830000.0,DJI,-0.0309350264576428
2020-03-26,21468.3809,22595.0605,21427.0996,22552.1699,705180000.0,DJI,0.0423071561302104
2020-03-25,21050.3398,22019.9297,20538.3398,21200.5508,796320000.0,DJI,-0.0599329956271747
2020-03-24,19722.1895,20737.6992,19649.25,20704.9102,799340000.0,DJI,-0.023378666180692
2020-03-23,19028.3594,19121.0098,18213.6504,18591.9297,787970000.0,DJI,-0.102052145099378
2020-03-20,20253.1504,20531.2598,19094.2695,19173.9805,872290000.0,DJI,0.0313066373094129
2020-03-19,19830.0098,20442.6309,19177.1309,20087.1895,780300000.0,DJI,0.0476275127118231
2020-03-18,20188.6895,20489.3301,18917.4609,19898.9199,871360000.0,DJI,-0.0093726202961345
2020-03-17,20487.0508,21379.3496,19882.2598,21237.3809,793060000.0,DJI,0.0672629975258103
2020-03-16,20917.5293,21768.2793,20116.4609,20188.5195,770130000.0,DJI,-0.0493875118094248
2020-03-13,21973.8203,23189.7598,21285.3691,23185.6191,843080000.0,DJI,0.148455640840826
2020-03-12,22184.7109,22837.9492,21154.4609,21200.6191,908260000.0,DJI,-0.0856134137043595
2020-03-11,24604.6309,24604.6309,23328.3203,23553.2207,663960000.0,DJI,0.110968532989681
2020-03-10,24453.0,25020.9902,23690.3398,25018.1602,654860000.0,DJI,0.0621969928724013
2020-03-09,24992.3594,24992.3594,23706.0703,23851.0195,750430000.0,DJI,-0.0466517398029932
2020-03-06,25457.2109,25994.3809,25226.6191,25864.7793,599780000.0,DJI,0.0844307640602113
2020-03-05,26671.9199,26671.9199,25943.3301,26121.2793,477370000.0,DJI,0.00991696070648485
2020-03-04,26383.6797,27102.3398,26286.3105,27090.8594,457590000.0,DJI,0.0371184002461933
2020-03-03,26762.4707,27084.5898,25706.2793,25917.4102,647080000.0,DJI,-0.0433153183763525
2020-03-02,25590.5098,26706.1699,25391.9609,26703.3203,637200000.0,DJI,0.0303236354996612
2020-02-28,25270.8301,25494.2402,24681.0098,25409.3594,915990000.0,DJI,-0.048456929155735
2020-02-27,26526.0,26775.3105,25752.8203,25766.6406,664980000.0,DJI,0.0140610077718055
2020-02-26,27159.4609,27542.7793,26890.9707,26957.5898,472450000.0,DJI,0.0462205849217303
2020-02-25,28037.6504,28149.1992,26997.6191,27081.3594,513270000.0,DJI,0.00459127098966383
2020-02-24,28402.9297,28402.9297,27912.4395,27960.8008,452580000.0,DJI,0.032474049290155
2020-02-21,29146.5293,29146.5293,28892.6992,28992.4102,311210000.0,DJI,0.036894844585424
2020-02-20,29296.25,29368.4492,28959.6504,29219.9805,287780000.0,DJI,0.00784930602285705
2020-02-19,29312.6992,29409.0898,29274.3809,29348.0293,240640000.0,DJI,0.00438223427288031
2020-02-18,29282.7793,29330.1602,29116.8105,29232.1895,256600000.0,DJI,-0.00394710659499031
2020-02-14,29440.4707,29463.0391,29283.1797,29398.0801,231000000.0,DJI,0.00567492900249555
2020-02-13,29436.0293,29535.4004,29345.9297,29423.3105,291150000.0,DJI,0.00085823291569298
2020-02-12,29406.75,29568.5703,29406.75,29551.4199,309530000.0,DJI,0.00435401040273842
2020-02-11,29390.7109,29415.3906,29210.4707,29276.3398,279540000.0,DJI,-0.00930852395353088
2020-02-10,28995.6602,29278.0703,28995.6602,29276.8203,250510000.0,DJI,1.64125708090879e-05
2020-02-07,29286.9199,29286.9199,29056.9805,29102.5098,252860000.0,DJI,-0.00595387402777481
2020-02-06,29388.5801,29408.0508,29246.9297,29379.7695,263700000.0,DJI,0.00952700306280807
2020-02-05,29048.7305,29308.8906,29000.8496,29290.8496,357540000.0,DJI,-0.00302656901375609
2020-02-04,28696.7402,28904.8809,28696.7402,28807.6309,332750000.0,DJI,-0.0164972579013208
2020-02-03,28319.6504,28630.3906,28319.6504,28399.8105,307910000.0,DJI,-0.0141566795761744
2020-01-31,28813.0391,28813.0391,28169.5293,28256.0293,403890000.0,DJI,-0.00506275209125084
2020-01-30,28640.1602,28879.7109,28489.7598,28859.4395,326850000.0,DJI,0.0213550953530475
2020-01-29,28820.5293,28944.2402,28728.1895,28734.4492,302290000.0,DJI,-0.00433100233980643
2020-01-28,28594.2793,28823.2305,28575.75,28722.8496,330140000.0,DJI,-0.00040368269874469
2020-01-27,28542.4902,28671.7891,28440.4707,28535.8008,337270000.0,DJI,-0.00651219508526757
2020-01-24,29230.3906,29288.7891,28843.3105,28989.7305,380010000.0,DJI,0.0159073755519068
2020-01-23,29111.0195,29190.4707,28966.9805,29160.0898,307060000.0,DJI,0.00587653962495449
2020-01-22,29263.6309,29320.1992,29172.2598,29186.2695,283440000.0,DJI,0.00089779215974839
2020-01-21,29269.0508,29341.2109,29146.4707,29196.0391,320640000.0,DJI,0.00033473274136675
2020-01-17,29313.3105,29373.6191,29289.9102,29348.0996,321820000.0,DJI,0.00520825785577195
2020-01-16,29131.9492,29300.3203,29131.9492,29297.6406,252110000.0,DJI,-0.00171932768007921
2020-01-15,28901.8008,29127.5898,28897.3496,29030.2207,260270000.0,DJI,-0.00912769405738412
2020-01-14,28895.5,29054.1602,28872.2695,28939.6699,287440000.0,DJI,-0.00311919089199353
2020-01-13,28869.0098,28909.9102,28819.4297,28907.0508,249830000.0,DJI,-0.00112714139838888
2020-01-10,28977.5195,29009.0703,28789.0996,28823.7695,237830000.0,DJI,-0.00288100299737259
2020-01-09,28851.9707,28988.0098,28844.3105,28956.9004,275060000.0,DJI,0.00461878867023269
2020-01-08,28556.1406,28866.1797,28522.5098,28745.0898,291750000.0,DJI,-0.00731468482724751
2020-01-07,28639.1797,28685.5,28565.2793,28583.6797,258900000.0,DJI,-0.00561522336938403
2020-01-06,28465.5,28708.0195,28418.6309,28703.3809,252760000.0,DJI,0.00418774633834151
2020-01-03,28553.3301,28716.3105,28500.3594,28634.8809,239590000.0,DJI,-0.00238647845139384
2020-01-02,28638.9707,28872.8008,28627.7695,28868.8008,251820000.0,DJI,0.00816905440664861
2019-12-31,28414.6406,28547.3496,28376.4902,28538.4395,193340000.0,DJI,-0.0114435408068631
2019-12-30,28654.7598,28664.6895,28428.9805,28462.1406,181600000.0,DJI,-0.00267354842579959
2019-12-27,28675.3398,28701.6602,28608.9805,28645.2598,182280000.0,DJI,0.00643378172336062
2019-12-26,28539.4609,28624.0996,28535.1504,28621.3906,155970000.0,DJI,-0.000833268756040395
2019-12-24,28572.5703,28576.8008,28503.2109,28515.4492,86150000.0,DJI,-0.00370147633567464
2019-12-23,28491.7793,28582.4902,28491.7793,28551.5293,223530000.0,DJI,0.00126528254024483
2019-12-20,28608.6406,28608.6406,28445.5996,28455.0898,603780000.0,DJI,-0.00337773500629956
2019-12-19,28278.3105,28381.4805,28278.2402,28376.9609,262570000.0,DJI,-0.00274569156341242
2019-12-18,28291.4395,28323.25,28239.2793,28239.2793,289890000.0,DJI,-0.00485187968102674
2019-12-17,28221.75,28328.6309,28220.5605,28267.1602,286770000.0,DJI,0.000987309190996211
2019-12-16,28191.6699,28337.4902,28191.6699,28235.8906,286770000.0,DJI,-0.00110621653462029
2019-12-13,28123.6406,28290.7305,28028.3203,28135.3809,250660000.0,DJI,-0.00355964334271786
2019-12-12,27898.3398,28224.9492,27859.8691,28132.0508,277740000.0,DJI,-0.000118359869085705
2019-12-11,27867.3105,27925.5,27801.8008,27911.3008,213510000.0,DJI,-0.00784692170398038
2019-12-10,27900.6504,27949.0195,27804.0,27881.7207,213250000.0,DJI,-0.00105978937391549
2019-12-09,27987.0508,28010.4199,27906.1406,27909.5996,217000000.0,DJI,0.000999898833359936
2019-12-06,27839.6797,28035.8496,27839.6797,28015.0605,223310000.0,DJI,0.00377866044341246
2019-12-05,27736.0508,27745.1992,27562.8008,27677.7891,208600000.0,DJI,-0.0120389317024676
2019-12-04,27634.6309,27727.4492,27612.0801,27649.7793,218200000.0,DJI,-0.00101199557156839
2019-12-03,27501.9805,27524.7402,27325.1309,27502.8105,275350000.0,DJI,-0.00531536973244484
2019-12-02,28109.7402,28109.8398,27782.3496,27783.0391,236610000.0,DJI,0.0101890895841354
2019-11-29,28103.1602,28119.5098,28042.5293,28051.4102,120630000.0,DJI,0.00965953001160336
2019-11-27,28156.4707,28174.9707,28075.2305,28164.0,198210000.0,DJI,0.00401369482665093
2019-11-26,28080.75,28146.0195,28042.2109,28121.6797,324050000.0,DJI,-0.00150263811958529
2019-11-25,27917.7695,28068.6895,27917.7695,28066.4707,248420000.0,DJI,-0.00196321843463709
2019-11-22,27831.2305,27898.4609,27773.9805,27875.6191,214780000.0,DJI,-0.00679998572104046
2019-11-21,27820.2793,27828.3301,27708.3398,27766.2891,232020000.0,DJI,-0.00392206535782369
2019-11-20,27879.5508,27897.2793,27675.2793,27821.0898,258140000.0,DJI,0.00197364148311774
2019-11-19,28079.7598,28090.2109,27894.5195,27934.0195,245890000.0,DJI,0.00405914005568531
2019-11-18,27993.2207,28040.9707,27969.2402,28036.2207,252320000.0,DJI,0.00365866430357453
2020-04-13,2782.46,2782.46,2721.1699,2761.6299,2900380791.0,^GSPC,
2020-04-09,2776.99,2818.5701,2762.3601,2789.8201,7880140000.0,^GSPC,0.0102078124226566
2020-04-08,2685.0,2760.75,2663.3,2749.98,5856370000.0,^GSPC,-0.0142805265472136
2020-04-07,2738.6499,2756.8899,2657.6699,2659.4099,7040720000.0,^GSPC,-0.0329348213441552
2020-04-06,2578.28,2676.8501,2574.5701,2663.6799,6391860000.0,^GSPC,0.00160561935187209
2020-04-03,2514.9199,2538.1799,2459.96,2488.6499,6087190000.0,^GSPC,-0.0657098474933119
2020-04-02,2458.54,2533.22,2455.79,2526.8999,6454990000.0,^GSPC,0.0153697794133276
2020-04-01,2498.0801,2522.75,2447.49,2470.5,5947900000.0,^GSPC,-0.0223197998464442
2020-03-31,2614.6899,2641.3899,2571.1499,2584.5901,6568290000.0,^GSPC,0.0461809755110301
2020-03-30,2558.98,2631.8,2545.28,2626.6499,5746220000.0,^GSPC,0.0162732961021557
2020-03-27,2555.8701,2615.9099,2520.02,2541.47,6194330000.0,^GSPC,-0.0324291029421165
2020-03-26,2501.29,2637.01,2500.72,2630.0701,7753160000.0,^GSPC,0.0348617532372997
2020-03-25,2457.77,2571.4199,2407.53,2475.5601,8285670000.0,^GSPC,-0.0587474835746773
2020-03-24,2344.4399,2449.71,2344.4399,2447.3301,7547350000.0,^GSPC,-0.0114034799639887
2020-03-23,2290.71,2300.73,2191.8601,2237.3999,7402180000.0,^GSPC,-0.0857792743202073
2020-03-20,2431.9399,2453.01,2295.5601,2304.9199,9044690000.0,^GSPC,0.0301778863939344
2020-03-19,2393.48,2466.97,2319.78,2409.3899,7946710000.0,^GSPC,0.0453247854730223
2020-03-18,2436.5,2453.5701,2280.52,2398.1001,8755780000.0,^GSPC,-0.00468575052962583
2020-03-17,2425.6599,2553.9299,2367.04,2529.1899,8358500000.0,^GSPC,0.05466402340753
2020-03-16,2508.5901,2562.98,2380.9399,2386.1299,7781540000.0,^GSPC,-0.0565635660651658
2020-03-13,2569.99,2711.3301,2492.3701,2711.02,8258670000.0,^GSPC,0.136157759055783
2020-03-12,2630.8601,2660.95,2478.8601,2480.6399,8829380000.0,^GSPC,-0.0849791222491902
2020-03-11,2825.6001,2825.6001,2707.22,2741.3799,7374110000.0,^GSPC,0.105109975857439
2020-03-10,2813.48,2882.5901,2734.0,2882.23,7635960000.0,^GSPC,0.0513792707096161
2020-03-09,2863.8899,2863.8899,2734.4299,2746.5601,8423050000.0,^GSPC,-0.0470711567085208
2020-03-06,2954.2,2985.9299,2901.54,2972.3701,6552140000.0,^GSPC,0.0822155684851025
2020-03-05,3075.7,3083.04,2999.8301,3023.9399,5575550000.0,^GSPC,0.0173497237103817
2020-03-04,3045.75,3130.97,3034.3799,3130.1201,5035480000.0,^GSPC,0.0351131978515844
2020-03-03,3096.46,3136.72,2976.6299,3003.3701,6355940000.0,^GSPC,-0.0404936539016506
2020-03-02,2974.28,3090.96,2945.1899,3090.23,6376400000.0,^GSPC,0.0289208113245849
2020-02-28,2916.8999,2959.72,2855.8401,2954.22,8563850000.0,^GSPC,-0.044012905188287
2020-02-27,3062.54,3097.0701,2977.3899,2978.76,7058840000.0,^GSPC,0.00830676117553897
2020-02-26,3139.8999,3182.51,3108.99,3116.3899,5478110000.0,^GSPC,0.0462037559252844
2020-02-25,3238.9399,3246.99,3118.77,3128.21,5591510000.0,^GSPC,0.00379288227060415
2020-02-24,3257.6101,3259.8101,3214.6499,3225.8899,4842960000.0,^GSPC,0.0312254931734124
2020-02-21,3360.5,3360.76,3328.45,3337.75,3899270000.0,^GSPC,0.0346757339734378
2020-02-20,3380.45,3389.1499,3341.02,3373.23,4007320000.0,^GSPC,0.0106299153621452
2020-02-19,3380.3899,3393.52,3378.8301,3386.1499,3600150000.0,^GSPC,0.0038301272074539
2020-02-18,3369.04,3375.01,3355.6101,3370.29,3746720000.0,^GSPC,-0.00468375602627635
2020-02-14,3378.0801,3380.6899,3366.1499,3380.1599,3398040000.0,^GSPC,0.00292850170163406
2020-02-13,3365.8999,3385.0901,3360.52,3373.9399,3498240000.0,^GSPC,-0.00184014963315793
2020-02-12,3370.5,3381.47,3369.72,3379.45,3926380000.0,^GSPC,0.00163313519603592
2020-02-11,3365.8701,3375.6299,3352.72,3357.75,3760550000.0,^GSPC,-0.00642116320703068
2020-02-10,3318.28,3352.26,3317.77,3352.0901,3450350000.0,^GSPC,-0.00168562281289553
2020-02-07,3335.54,3341.4199,3322.1201,3327.71,3730650000.0,^GSPC,-0.00727310402545556
2020-02-06,3344.9199,3347.96,3334.3899,3345.78,3868370000.0,^GSPC,0.00543016068106894
2020-02-05,3324.9099,3337.5801,3313.75,3334.6899,4117730000.0,^GSPC,-0.00331465308537926
2020-02-04,3280.6101,3306.9199,3280.6101,3297.5901,3995320000.0,^GSPC,-0.01112541229096
2020-02-03,3235.6599,3268.4399,3235.6599,3248.9199,3757910000.0,^GSPC,-0.0147593237861795
2020-01-31,3282.3301,3282.3301,3214.6799,3225.52,4527830000.0,^GSPC,-0.00720236285295917
2020-01-30,3256.45,3285.9099,3242.8,3283.6599,3787250000.0,^GSPC,0.018024969617302
2020-01-29,3289.46,3293.47,3271.8899,3273.3999,3584500000.0,^GSPC,-0.0031245623214512
2020-01-28,3255.3501,3285.78,3253.22,3276.24,3526720000.0,^GSPC,0.000867630013674736
2020-01-27,3247.1599,3258.8501,3234.5,3243.6299,3823100000.0,^GSPC,-0.00995351378409393
2020-01-24,3333.1001,3333.1799,3281.53,3295.47,3707130000.0,^GSPC,0.0159821254576547
2020-01-23,3315.77,3326.8799,3301.8701,3325.54,3764860000.0,^GSPC,0.00912464686372516
2020-01-22,3330.02,3337.77,3320.04,3321.75,3619850000.0,^GSPC,-0.00113966453568437
2020-01-21,3321.03,3329.79,3316.6101,3320.79,4105340000.0,^GSPC,-0.000289004289907413
2020-01-17,3323.6599,3329.8799,3318.8601,3329.6201,3698170000.0,^GSPC,0.00265903595228845
2020-01-16,3302.97,3317.1101,3302.8201,3316.8101,3535080000.0,^GSPC,-0.00384728576091908
2020-01-15,3282.27,3298.6599,3280.6899,3289.29,3716840000.0,^GSPC,-0.0082971587670938
2020-01-14,3285.3501,3294.25,3277.1899,3283.1499,3665130000.0,^GSPC,-0.00186669463622846
2020-01-13,3271.1299,3288.1299,3268.4299,3288.1299,3456380000.0,^GSPC,0.00151683601166064
2020-01-10,3281.8101,3282.99,3260.8601,3265.3501,3212970000.0,^GSPC,-0.00692788931483512
2020-01-09,3266.03,3275.5801,3263.6699,3274.7,3638390000.0,^GSPC,0.00286336831079748
2020-01-08,3238.5901,3267.0701,3236.6699,3253.05,3720890000.0,^GSPC,-0.00661129263749338
2020-01-07,3241.8601,3244.9099,3232.4299,3237.1799,3420380000.0,^GSPC,-0.00487852938012023
2020-01-06,3217.55,3246.8401,3214.6399,3246.28,3674070000.0,^GSPC,0.00281111964151259
2020-01-03,3226.3601,3246.1499,3222.3401,3234.8501,3461290000.0,^GSPC,-0.00352092240965041
2020-01-02,3244.6699,3258.1399,3235.53,3257.8501,3458250000.0,^GSPC,0.00711006670757319
2019-12-31,3215.1799,3231.72,3212.03,3230.78,2893810000.0,^GSPC,-0.00830919138974495
2019-12-30,3240.0901,3240.9199,3216.5701,3221.29,3013290000.0,^GSPC,-0.00293737116114379
2019-12-27,3247.23,3247.9299,3234.3701,3240.02,2428670000.0,^GSPC,0.00581444079856208
2019-12-26,3227.2,3240.0801,3227.2,3239.9099,2160680000.0,^GSPC,-3.39812717204957e-05
2019-12-24,3225.45,3226.4299,3220.51,3223.3799,1296540000.0,^GSPC,-0.00510199373136899
2019-12-23,3226.05,3227.78,3222.3,3224.01,3060610000.0,^GSPC,0.000195478044645148
2019-12-20,3223.3301,3225.6499,3216.03,3221.22,6454270000.0,^GSPC,-0.000865381931197562
2019-12-19,3192.3201,3205.48,3192.3201,3205.3701,3720450000.0,^GSPC,-0.00492046491701892
2019-12-18,3195.21,3198.48,3191.1399,3191.1399,4014080000.0,^GSPC,-0.00443948734656252
2019-12-17,3195.3999,3198.22,3191.03,3192.52,3837540000.0,^GSPC,0.000432478688884741
2019-12-16,3183.6299,3197.71,3183.6299,3191.45,4051790000.0,^GSPC,-0.000335158432836824
2019-12-13,3166.6499,3182.6799,3156.51,3168.8,3736870000.0,^GSPC,-0.00709708753074612
2019-12-12,3141.23,3176.28,3138.47,3168.5701,3990690000.0,^GSPC,-7.25511234537235e-05
2019-12-11,3135.75,3143.98,3133.21,3141.6299,3252540000.0,^GSPC,-0.00850232096806069
2019-12-10,3135.3601,3142.1201,3126.0901,3132.52,3343790000.0,^GSPC,-0.00289973685315381
2019-12-09,3141.8601,3148.8701,3135.46,3135.96,3345990000.0,^GSPC,0.00109815739404695
2019-12-06,3134.6201,3150.6001,3134.6201,3145.9099,3479480000.0,^GSPC,0.00317284021479858
2019-12-05,3119.21,3119.45,3103.76,3117.4299,3355750000.0,^GSPC,-0.00905302469088509
2019-12-04,3103.5,3119.3799,3102.53,3112.76,3695030000.0,^GSPC,-0.00149799679537299
2019-12-03,3087.4099,3094.97,3070.3301,3093.2,3653390000.0,^GSPC,-0.00628381243655163
2019-12-02,3143.8501,3144.3101,3110.78,3113.8701,3268740000.0,^GSPC,0.00668243243243261
2019-11-29,3147.1799,3150.3,3139.3401,3140.98,1743020000.0,^GSPC,0.00870617563654941
2019-11-27,3145.49,3154.26,3143.4099,3153.6299,3033090000.0,^GSPC,0.00402737362224515
2019-11-26,3134.8501,3142.6899,3131.0,3140.52,4595590000.0,^GSPC,-0.00415708260503234
2019-11-25,3117.4399,3133.8301,3117.4399,3133.6399,3511530000.0,^GSPC,-0.00219075185001205
2019-11-22,3111.4099,3112.8701,3099.26,3110.29,3226780000.0,^GSPC,-0.00745136669979218
2019-11-21,3108.49,3110.1101,3094.55,3103.54,3720560000.0,^GSPC,-0.00217021563905617
2019-11-20,3114.6599,3118.97,3091.4099,3108.46,4034890000.0,^GSPC,0.00158528647931067
2019-11-19,3127.45,3127.6399,3113.47,3120.1799,3590070000.0,^GSPC,0.00377032356858376
2019-11-18,3117.9099,3124.1699,3112.0601,3122.03,3436690000.0,^GSPC,0.00059294657977893
2020-04-09,5677.7002,5842.7002,5677.7002,5842.7002,1290301300.0,^FTSE,
2020-04-08,5704.5,5704.5,5589.7002,5677.7002,1133735000.0,^FTSE,-0.0282403673561755
2020-04-07,5582.3999,5780.2002,5582.3999,5704.5,1563928500.0,^FTSE,0.00472018582453515
2020-04-06,5415.5,5590.6001,5415.5,5582.3999,1207951800.0,^FTSE,-0.021404172144798
2020-04-03,5480.2002,5486.2998,5396.7002,5415.5,1180517400.0,^FTSE,-0.0298975177324721
2020-04-02,5454.6001,5552.3999,5395.1001,5480.2002,1554286900.0,^FTSE,0.0119472255562738
2020-04-01,5672.0,5672.0,5414.7002,5454.6001,1670362100.0,^FTSE,-0.00467138043606519
2020-03-31,5563.7002,5702.7002,5545.8999,5672.0,1602112800.0,^FTSE,0.0398562490401451
2020-03-30,5510.2998,5567.2002,5351.7998,5563.7002,1136875400.0,^FTSE,-0.0190937588152327
2020-03-27,5815.7002,5815.7002,5407.1001,5510.2998,1457210400.0,^FTSE,-0.00959800098502794
2020-03-26,5688.2002,5815.7002,5503.3999,5815.7002,1536739000.0,^FTSE,0.0554235542683177
2020-03-25,5446.0,5741.3999,5400.5,5688.2002,1860995600.0,^FTSE,-0.0219234134524334
2020-03-24,4993.8999,5446.0,4993.8999,5446.0,1582421000.0,^FTSE,-0.0425794085095669
2020-03-23,5190.7998,5194.7998,4922.7998,4993.8999,1629604900.0,^FTSE,-0.0830150752846125
2020-03-20,5151.6001,5419.2998,5151.6001,5190.7998,2585565700.0,^FTSE,0.0394280830498823
2020-03-19,5080.6001,5181.0,4942.3999,5151.6001,1963412200.0,^FTSE,-0.00755176495152055
2020-03-18,5294.8999,5294.8999,5006.2002,5080.6001,1837075100.0,^FTSE,-0.0137821256739241
2020-03-17,5151.1001,5309.0,4978.7998,5294.8999,1941164900.0,^FTSE,0.0421800172778803
2020-03-16,5366.1001,5366.1001,4898.7998,5151.1001,2111567500.0,^FTSE,-0.0271581715831872
2020-03-13,5237.5,5696.5,5237.5,5366.1001,1935105000.0,^FTSE,0.0417386569521334
2020-03-12,5876.5,5876.5,5237.5,5237.5,2209275500.0,^FTSE,-0.0239652816018098
2020-03-11,5960.2002,6088.5,5860.7998,5876.5,1507518600.0,^FTSE,0.12200477326969
2020-03-10,5965.7998,6231.1001,5927.8999,5960.2002,1729622400.0,^FTSE,0.01424320598996
2020-03-09,6462.6001,6462.6001,5891.6001,5965.7998,2098798700.0,^FTSE,0.000939498643015346
2020-03-06,6705.3999,6705.3999,6431.3999,6462.6001,1377953500.0,^FTSE,0.0832747186722558
2020-03-05,6815.6001,6834.1001,6662.6001,6705.3999,1146893100.0,^FTSE,0.0375699867302637
2020-03-04,6718.2002,6856.2998,6700.2002,6815.6001,1115783100.0,^FTSE,0.0164345455369483
2020-03-03,6654.8999,6846.2998,6654.8999,6718.2002,1277190200.0,^FTSE,-0.0142907298801171
2020-03-02,6580.6001,6775.2002,6496.0,6654.8999,1770844200.0,^FTSE,-0.00942221102610186
2020-02-28,6796.3999,6796.3999,6460.1001,6580.6001,1979835300.0,^FTSE,-0.011164675820293
2020-02-27,7042.5,7042.5,6730.0,6796.3999,1224827000.0,^FTSE,0.0327933314166895
2020-02-26,7017.8999,7044.7002,6871.8999,7042.5,982409600.0,^FTSE,0.0362103619005703
2020-02-25,7156.7998,7198.2002,7004.8999,7017.8999,976469000.0,^FTSE,-0.00349309194178193
2020-02-24,7403.8999,7403.8999,7114.5,7156.7998,1081479400.0,^FTSE,0.0197922315762866
2020-02-21,7436.6001,7436.7002,7370.6001,7403.8999,872594700.0,^FTSE,0.0345266190064448
2020-02-20,7457.0,7480.5,7436.6001,7436.6001,780481500.0,^FTSE,0.00441661832840268
2020-02-19,7382.0,7462.0,7382.0,7457.0,602975900.0,^FTSE,0.00274317560789639
2020-02-18,7433.2998,7433.2998,7353.3999,7382.0,786827200.0,^FTSE,-0.0100576639399222
2020-02-17,7409.1001,7450.0,7409.1001,7433.2998,394565700.0,^FTSE,0.00694930913031699
2020-02-14,7452.0,7472.8999,7403.7002,7409.1001,629855000.0,^FTSE,-0.00325557970902779
2020-02-13,7534.3999,7534.3999,7406.8999,7452.0,823565400.0,^FTSE,0.005790163369503
2020-02-12,7499.3999,7547.7002,7499.0,7534.3999,573044200.0,^FTSE,0.0110574208266239
2020-02-11,7446.8999,7529.5,7446.8999,7499.3999,700689800.0,^FTSE,-0.00464536001068916
2020-02-10,7466.7002,7466.7002,7427.8999,7446.8999,612817500.0,^FTSE,-0.00700056013815187
2020-02-07,7504.7998,7506.2998,7441.1001,7466.7002,705974200.0,^FTSE,0.00265886479822286
2020-02-06,7482.5,7533.6001,7482.5,7504.7998,673947900.0,^FTSE,0.00510260208384961
2020-02-05,7439.7998,7512.3999,7408.5,7482.5,818911400.0,^FTSE,-0.00297140504667426
2020-02-04,7326.2998,7442.1001,7326.2998,7439.7998,696703600.0,^FTSE,-0.00570667557634486
2020-02-03,7286.0,7360.0,7285.2002,7326.2998,645846700.0,^FTSE,-0.0152557868559851
2020-01-31,7382.0,7398.2998,7275.0,7286.0,714049600.0,^FTSE,-0.00550070309708039
2020-01-30,7483.6001,7483.6001,7357.6001,7382.0,685501900.0,^FTSE,0.0131759538841614
2020-01-29,7480.7002,7514.7002,7462.2002,7483.6001,525036700.0,^FTSE,0.0137632213492278
2020-01-28,7412.1001,7491.3999,7410.3999,7480.7002,535852000.0,^FTSE,-0.000387500662949569
2020-01-27,7586.0,7586.0,7392.7998,7412.1001,679457100.0,^FTSE,-0.00917027793735148
2020-01-24,7507.7002,7642.2002,7507.6001,7586.0,605760000.0,^FTSE,0.0234616232449425
2020-01-23,7571.8999,7572.1001,7503.2002,7507.7002,668616300.0,^FTSE,-0.010321618771421
2020-01-22,7610.7002,7637.3999,7563.5,7571.8999,604636000.0,^FTSE,0.00855118055992699
2020-01-21,7651.3999,7651.3999,7550.5,7610.7002,656519300.0,^FTSE,0.00512424893519792
2020-01-20,7674.6001,7682.7998,7639.6001,7651.3999,358980900.0,^FTSE,0.00534769455246709
2020-01-17,7609.7998,7689.7002,7609.7998,7674.6001,631970100.0,^FTSE,0.00303215101853449
2020-01-16,7642.7998,7653.6001,7595.2998,7609.7998,573564200.0,^FTSE,-0.00844347577146065
2020-01-15,7622.3999,7642.7998,7609.3999,7642.7998,730575200.0,^FTSE,0.00433651355716358
2020-01-14,7617.6001,7650.7002,7588.7998,7622.3999,697648200.0,^FTSE,-0.00266916582061971
2020-01-13,7587.8999,7635.7998,7582.5,7617.6001,659019400.0,^FTSE,-0.000629696691720527
2020-01-10,7598.1001,7632.0,7585.1001,7587.8999,651315600.0,^FTSE,-0.00389889198830473
2020-01-09,7574.8999,7627.7998,7574.8999,7598.1001,653838100.0,^FTSE,0.00134427181887298
2020-01-08,7573.8999,7579.5,7525.0,7574.8999,606225000.0,^FTSE,-0.00305342120986263
2020-01-07,7575.2998,7604.6001,7562.1001,7573.8999,511576100.0,^FTSE,-0.00013201494583448
2020-01-06,7622.3999,7622.3999,7528.1001,7575.2998,516783400.0,^FTSE,0.000184832123276246
2020-01-03,7604.2998,7626.3999,7551.0,7622.3999,475628900.0,^FTSE,0.00621758890651436
2020-01-02,7542.3999,7624.7998,7542.3999,7604.2998,482206700.0,^FTSE,-0.00237459333509915
2019-12-31,7587.1001,7587.3999,7532.3999,7542.3999,212142200.0,^FTSE,-0.00814011830517247
2019-12-30,7644.8999,7644.8999,7587.1001,7587.1001,304247900.0,^FTSE,0.00592652214051914
2019-12-27,7632.2002,7665.3999,7622.5,7644.8999,311117100.0,^FTSE,0.00761816757894107
2019-12-24,7623.6001,7636.2002,7608.2002,7632.2002,185671600.0,^FTSE,-0.00166119899097694
2019-12-23,7582.5,7628.2002,7559.6001,7623.6001,539145700.0,^FTSE,-0.00112681792597635
2019-12-20,7573.7998,7599.5,7564.6001,7582.5,1159724000.0,^FTSE,-0.00539116683205876
2019-12-19,7540.7998,7575.8999,7526.1001,7573.7998,661933000.0,^FTSE,-0.00114740520936374
2019-12-18,7525.2998,7557.1001,7515.2002,7540.7998,679287600.0,^FTSE,-0.0043571259963856
2019-12-17,7519.1001,7537.7002,7497.2002,7525.2998,1096514900.0,^FTSE,-0.00205548488371221
2019-12-16,7353.3999,7552.7002,7353.2002,7519.1001,1045291600.0,^FTSE,-0.000823847576145731
2019-12-13,7273.5,7429.0,7223.3999,7353.3999,1906667700.0,^FTSE,-0.022037238206205
2019-12-12,7216.2998,7307.3999,7216.1001,7273.5,727087300.0,^FTSE,-0.0108657085275615
2019-12-11,7213.7998,7250.7002,7195.5,7216.2998,820837400.0,^FTSE,-0.00786419192960752
2019-12-10,7233.8999,7234.3999,7137.7998,7213.7998,703527300.0,^FTSE,-0.000346437934854116
2019-12-09,7239.7002,7255.7002,7217.7998,7233.8999,619399300.0,^FTSE,0.00278634014767087
2019-12-06,7137.8999,7241.5,7137.8999,7239.7002,516373000.0,^FTSE,0.000801821988164253
2019-12-05,7188.5,7194.7998,7131.2002,7137.8999,650618500.0,^FTSE,-0.01406139718327
2019-12-04,7158.7998,7190.0,7139.8999,7188.5,688011100.0,^FTSE,0.00708893381931563
2019-12-03,7285.8999,7285.8999,7134.8999,7158.7998,824932200.0,^FTSE,-0.00413162690408297
2019-12-02,7346.5,7400.2998,7277.0,7285.8999,928558400.0,^FTSE,0.0177543867059951
2019-11-29,7416.3999,7421.3999,7346.5,7346.5,627336500.0,^FTSE,0.00831744888507169
2019-11-28,7429.7998,7429.7998,7385.2998,7416.3999,605369500.0,^FTSE,0.00951472129585529
2019-11-27,7403.1001,7446.0,7400.3999,7429.7998,626246700.0,^FTSE,0.00180679307759535
2019-11-26,7396.2998,7421.2998,7385.0,7403.1001,1058651500.0,^FTSE,-0.00359359615584798
2019-11-25,7326.7998,7401.7998,7326.7998,7396.2998,570982800.0,^FTSE,-0.000918574638751668
2019-11-22,7238.6001,7343.2998,7238.5,7326.7998,611242800.0,^FTSE,-0.00939659044107433
2019-11-21,7262.5,7262.5,7197.2998,7238.6001,608185000.0,^FTSE,-0.0120379568717027
2019-11-20,7323.7998,7323.7998,7219.1001,7262.5,814232500.0,^FTSE,0.00330172957061126
2019-11-19,7307.7002,7404.5,7307.7002,7323.7998,605672300.0,^FTSE,0.00844059208261605
2020-04-09,24181.3203,24308.6895,24045.1797,24300.3301,1725334600.0,^HSI,
2020-04-08,24191.3203,24191.3203,23897.4004,23970.3691,1840854100.0,^HSI,-0.0135784575206244
2020-04-07,24093.0508,24262.0098,23796.0293,24253.2891,2535034600.0,^HSI,0.0118029054462914
2020-04-06,23558.8301,23832.9297,23271.4707,23749.1191,1834036600.0,^HSI,-0.0207876959665648
2020-04-03,23072.9492,23236.1094,23030.5801,23236.1094,1870630600.0,^HSI,-0.0216012096212865
2020-04-02,22838.6699,23280.0605,22756.1309,23280.0605,2560937400.0,^HSI,0.00189149995997173
2020-04-01,23365.9004,23540.0098,22947.6406,23085.7891,2879977600.0,^HSI,-0.00834496972205023
2020-03-31,23613.2695,23627.5293,23238.0391,23603.4805,2876326600.0,^HSI,0.0224246785655682
2020-03-30,23020.8496,23491.5098,22973.3301,23175.1094,2553435900.0,^HSI,-0.0181486412565299
2020-03-27,23768.4102,23791.1992,23354.0098,23484.2793,2199674300.0,^HSI,0.0133406015334709
2020-03-26,23604.8301,23604.8301,23163.6699,23352.3398,2519508100.0,^HSI,-0.00561820519652889
2020-03-25,23255.9102,23569.4492,23062.2305,23527.1895,3605374900.0,^HSI,0.00748745956497254
2020-03-24,22497.5703,22753.0098,22383.25,22663.4902,3614066700.0,^HSI,-0.0367106874367633
2020-03-23,21696.1309,21696.1309,21696.1309,21696.1309,0.0,^HSI,-0.0426835977805395
2020-03-20,22147.3398,22805.0703,22147.3398,22805.0703,4528187900.0,^HSI,0.051112311458261
2020-03-19,22221.3809,22380.3398,21139.2598,21709.1309,5628397600.0,^HSI,-0.0480568305899938
2020-03-18,23023.3398,23425.0293,22167.4199,22291.8203,4217153600.0,^HSI,0.0268407520634555
2020-03-17,23001.7598,23401.1992,22676.4609,23263.7305,3637973700.0,^HSI,0.0435994094210423
2020-03-16,23317.8105,23631.5293,22842.25,23063.5703,4067029300.0,^HSI,-0.00860395971316819
2020-03-13,22519.3203,24184.4805,22519.3203,24032.9102,5495155700.0,^HSI,0.0420290478616834
2020-03-12,24657.6699,24657.6699,24117.9395,24309.0703,3748928400.0,^HSI,0.0114909138219974
2020-03-11,25459.9609,25493.2305,25140.3809,25231.6094,2627625600.0,^HSI,0.0379504065196603
2020-03-10,25285.6797,25578.6094,24978.9707,25392.5098,3225661100.0,^HSI,0.00637693765186453
2020-03-09,25134.0195,25321.2793,24948.3809,25040.4609,4677892400.0,^HSI,-0.0138642813480376
2020-03-06,26397.7793,26408.8008,26084.2305,26146.6699,2646519300.0,^HSI,0.0441768625752412
2020-03-05,26348.1602,26805.5801,26315.3594,26767.8691,2522843200.0,^HSI,0.023758253053862
2020-03-04,26321.5605,26372.4805,26038.3906,26222.0703,1957062400.0,^HSI,-0.0203900728130803
2020-03-03,26419.1309,26527.75,26233.3906,26284.8203,2136295000.0,^HSI,0.00239302233889593
2020-03-02,26077.7305,26375.9102,26077.7305,26291.6797,2201535600.0,^HSI,0.000260964310264011
2020-02-28,26249.0605,26313.5508,25989.4102,26129.9297,3191426200.0,^HSI,-0.00615213641142909
2020-02-27,26529.1699,26849.5703,26419.9707,26778.6191,2110369700.0,^HSI,0.0248255317732446
2020-02-26,26696.4902,26696.4902,26696.4902,26696.4902,0.0,^HSI,-0.00306695799709855
2020-02-25,26722.3906,26914.0508,26667.0391,26893.2305,1924042900.0,^HSI,0.00736951930857188
2020-02-24,27105.3496,27105.3496,26813.2207,26820.8809,2044657000.0,^HSI,-0.00269025322190286
2020-02-21,27450.4609,27484.5293,27264.7793,27308.8105,1773613400.0,^HSI,0.0181921541585162
2020-02-20,27767.2793,27767.2793,27383.1309,27609.1602,1582073100.0,^HSI,0.0109982710524867
2020-02-19,27486.4609,27697.4609,27448.5996,27655.8105,1471538100.0,^HSI,0.00168966747492738
2020-02-18,27766.5,27771.3008,27496.25,27530.1992,1592221400.0,^HSI,-0.00454194969263333
2020-02-17,27766.7109,28055.5801,27766.7109,27959.5996,1412999200.0,^HSI,0.0155974316379084
2020-02-14,27698.5605,27960.6602,27695.5898,27815.5996,1445335900.0,^HSI,-0.00515028834676157
2020-02-13,27953.6504,27953.6504,27695.5996,27730.0,1617010200.0,^HSI,-0.00307739546265262
2020-02-12,27717.2207,27892.4805,27614.8301,27823.6602,1796561200.0,^HSI,0.00337757663180671
2020-02-11,27514.25,27674.8105,27436.9902,27583.8809,1868625400.0,^HSI,-0.00861782016731205
2020-02-10,27092.1504,27314.6406,27044.8809,27241.3398,1612017900.0,^HSI,-0.0124181619418172
2020-02-07,27356.2793,27410.5801,27224.1191,27404.2695,1464514700.0,^HSI,0.00598097234556705
2020-02-06,27174.5293,27608.2207,27029.4902,27493.6992,2249533900.0,^HSI,0.00326334916535553
2020-02-05,26869.3203,26926.1191,26641.9199,26786.7402,2498930800.0,^HSI,-0.0257134914751668
2020-02-04,26491.6602,26730.2598,26491.6602,26675.9805,2500238100.0,^HSI,-0.00413487043115457
2020-02-03,26189.6094,26512.5801,26145.5898,26356.9805,2421482700.0,^HSI,-0.0119583233313579
2020-01-31,26757.6094,26818.8398,26295.4902,26312.6309,1874255200.0,^HSI,-0.00168265101535436
2020-01-30,27030.6094,27134.5508,26330.0508,26449.1309,2223567800.0,^HSI,0.00518762264855854
2020-01-29,27101.5391,27333.3008,27101.5391,27160.6309,2203836100.0,^HSI,0.0269006948731159
2020-01-24,27935.4199,27977.6309,27774.5,27949.6406,612128700.0,^HSI,0.0290497559833929
2020-01-23,28109.75,28133.0293,27706.3691,27909.1191,1753263000.0,^HSI,-0.00144980397350791
2020-01-22,28116.5,28393.9297,27937.6797,28341.0391,1343288100.0,^HSI,0.0154759452798352
2020-01-21,28449.3809,28492.0293,27980.5,27985.3301,2236521700.0,^HSI,-0.0125510218148636
2020-01-20,29169.1191,29174.9199,28795.4199,28795.9102,1633383900.0,^HSI,0.0289644644927736
2020-01-17,28988.1602,29101.1504,28813.1309,29056.4199,1545082800.0,^HSI,0.00904676039724572
2020-01-16,28806.1191,28987.7305,28709.5703,28883.0391,1620926200.0,^HSI,-0.00596703931856379
2020-01-15,28891.0703,28972.6797,28619.0996,28773.5898,1240120700.0,^HSI,-0.00378939694057334
2020-01-14,29149.5293,29149.5293,28790.4902,28885.1406,1643504700.0,^HSI,0.00387684681596445
2020-01-13,28772.3691,28971.4004,28671.8398,28954.9395,1765055700.0,^HSI,0.00241642929721464
2020-01-10,28665.1406,28665.1406,28504.2695,28638.1992,1448401000.0,^HSI,-0.0109390765606677
2020-01-09,28367.6504,28561.0,28325.8594,28561.0,1692786200.0,^HSI,-0.00269567228933865
2020-01-08,27999.5801,28198.6094,27857.7305,28087.9199,1709241600.0,^HSI,-0.0165638493049963
2020-01-07,28352.6797,28473.0801,28264.0703,28322.0605,1302687200.0,^HSI,0.0083359893090551
2020-01-06,28326.5,28367.8691,28054.2891,28226.1895,1793426600.0,^HSI,-0.00338502913656302
2020-01-03,28828.3594,28883.3008,28428.1699,28451.5,1797904800.0,^HSI,0.00798232081592176
2020-01-02,28249.3691,28543.5195,28245.9707,28543.5195,1262732800.0,^HSI,0.00323425829921087
2019-12-31,28241.4297,28298.4609,28123.8594,28189.75,873713900.0,^HSI,-0.0123940392144003
2019-12-30,28250.4805,28418.6504,28165.1309,28319.3906,1420447400.0,^HSI,0.00459885596715104
2019-12-27,28033.6602,28226.1094,28000.6191,28225.4199,1375016100.0,^HSI,-0.00331824583824192
2019-12-24,27901.5098,27921.2891,27792.6602,27864.2109,483984100.0,^HSI,-0.0127972941157202
2019-12-23,28024.6191,28024.6191,27830.0801,27906.4102,1216834000.0,^HSI,0.00151446241027409
2019-12-20,27834.5508,27959.5195,27740.6602,27871.3496,1680024400.0,^HSI,-0.00125636367231485
2019-12-19,27908.7793,27908.7793,27675.2402,27800.4902,1296810200.0,^HSI,-0.00254237419489733
2019-12-18,27884.2109,27884.2109,27884.2109,27884.2109,0.0,^HSI,0.00301148286946384
2019-12-17,27630.6895,27894.7207,27563.4395,27843.7109,1926224500.0,^HSI,-0.00145243486162272
2019-12-16,27530.5,27715.9297,27473.3203,27508.0898,1421412600.0,^HSI,-0.012053748913188
2019-12-13,27494.5098,27687.7598,27405.2598,27687.7598,2212195500.0,^HSI,0.00653153313466337
2019-12-12,26837.9395,27048.9805,26837.9395,26994.1406,1451721900.0,^HSI,-0.0250514741896887
2019-12-11,26410.0898,26659.9805,26364.4297,26645.4297,1409589200.0,^HSI,-0.0129180219206534
2019-12-10,26378.9902,26527.0898,26355.5293,26436.6191,956293300.0,^HSI,-0.00783663849114058
2019-12-09,26513.9707,26618.25,26432.2695,26494.7305,1301819900.0,^HSI,0.00219814038172528
2019-12-06,26345.1992,26520.0801,26309.3398,26498.3691,1644211100.0,^HSI,0.000137332968908499
2019-12-05,26300.5098,26300.5098,26134.0605,26217.0391,1228026600.0,^HSI,-0.0106168798139353
2019-12-04,26071.3906,26191.7891,25995.1504,26062.5605,1502327900.0,^HSI,-0.00589229773090594
2019-12-03,26315.9707,26424.1191,26063.0195,26391.3008,1795451800.0,^HSI,0.0126135074103713
2019-12-02,26475.3398,26511.5508,26393.0898,26444.7207,1348911800.0,^HSI,0.00202414804805673
2019-11-29,26705.3809,26705.3809,26308.0996,26346.4902,2004856800.0,^HSI,-0.0037145599348305
2019-11-28,26763.6309,26991.8008,26763.6309,26893.7305,998841900.0,^HSI,0.0207708994953719
2019-11-27,26943.5195,26974.2793,26866.8008,26954.0,1133748200.0,^HSI,0.00224102416732408
2019-11-26,27183.9004,27227.8691,26913.9199,26913.9199,2416392100.0,^HSI,-0.001486981524078
2019-11-25,26873.3496,27114.2207,26852.8906,26993.0391,1497175900.0,^HSI,0.00293971299216067
2019-11-22,26584.8809,26690.1699,26487.6699,26595.0801,1100431900.0,^HSI,-0.0147430231373985
2019-11-21,26587.5898,26587.5898,26306.0195,26466.8809,1712162300.0,^HSI,-0.00482041037357128
2019-11-20,26936.7891,26962.1699,26804.3496,26889.6094,1333243700.0,^HSI,0.0159719802872578
2019-11-19,26671.3203,27093.8008,26605.6309,27093.8008,1542578800.0,^HSI,0.00759369156176737
2019-11-18,26442.3906,26702.1602,26406.3496,26681.0898,1425323100.0,^HSI,-0.0152326727079207
2019-11-15,26529.9492,26544.6504,26300.0801,26326.6602,1180282700.0,^HSI,-0.0132839251566105
2020-04-14,19150.3008,19185.0801,19093.1191,19126.9297,0.0,^N225,
2020-04-13,19110.9883,19199.395,19003.1141,19150.3008,438153.0,^N225,0.00122189501224557
2020-04-10,19500.0703,19500.0703,19235.9609,19498.5,87500.0,^N225,0.0181824402465782
2020-04-09,19376.0,19406.9609,19158.5508,19345.7695,82300.0,^N225,-0.00783293586686162
2020-04-08,19047.7598,19454.3398,18730.8008,19353.2402,105900.0,^N225,0.000386167115244529
2020-04-07,18878.8594,19162.5195,18553.1406,18950.1797,108200.0,^N225,-0.0208265125547297
2020-04-06,17857.9902,18672.2598,17802.6191,18576.3008,105700.0,^N225,-0.0197295701633901
2020-04-03,17951.4395,18059.1504,17646.5,17820.1895,96000.0,^N225,-0.0407030069194401
2020-04-02,17934.4199,18132.0391,17707.6602,17818.7207,107300.0,^N225,-8.24233659243445e-05
2020-04-01,18686.1191,18784.25,17871.6191,18065.4102,105800.0,^N225,0.0138444001762705
2020-03-31,19181.9004,19336.1895,18834.1602,18917.0098,122200.0,^N225,0.047139787614676
2020-03-30,18884.0703,19084.9707,18578.1992,19084.9707,121000.0,^N225,0.00887882925344807
2020-03-27,19021.9707,19389.4297,18832.2109,19389.4297,148900.0,^N225,0.0159528146406847
2020-03-26,19234.7695,19240.2891,18512.8105,18664.5996,128100.0,^N225,-0.0373827446817582
2020-03-25,18446.8008,19564.3809,18446.8008,19546.6309,147700.0,^N225,0.0472569098133773
2020-03-24,17206.8809,18100.3906,17197.1406,18092.3496,147300.0,^N225,-0.074400611923357
2020-03-23,16570.5703,17049.0293,16480.9492,16887.7793,170300.0,^N225,-0.0665789865126198
2020-03-19,16995.7695,17160.9707,16358.1904,16552.8301,198900.0,^N225,-0.019833821490076
2020-03-18,17154.0801,17396.8398,16698.4609,16726.5508,177200.0,^N225,0.0104949243694588
2020-03-17,16726.9492,17557.0391,16378.9404,17011.5293,198800.0,^N225,0.017037493468169
2020-03-16,17586.0801,17785.7598,16914.4492,17002.0391,158100.0,^N225,-0.000557868715541976
2020-03-13,18183.4707,18184.4609,16690.5996,17431.0508,233400.0,^N225,0.0252329557341153
2020-03-12,19064.5098,19142.1797,18339.2695,18559.6309,164600.0,^N225,0.0647453852868123
2020-03-11,19758.2598,19974.8301,19392.25,19416.0605,129200.0,^N225,0.0461447538808544
2020-03-10,19474.8906,19970.3496,18891.7695,19867.1191,164700.0,^N225,0.0232312110893969
2020-03-09,20343.3105,20347.1895,19472.2598,19698.7598,170300.0,^N225,-0.0084742684207294
2020-03-06,21009.8008,21061.1992,20613.9102,20749.75,111700.0,^N225,0.0533531151539803
2020-03-05,21399.8691,21399.8691,21220.7598,21329.1191,85700.0,^N225,0.0279217388161304
2020-03-04,20897.1992,21245.9297,20862.0508,21100.0605,94600.0,^N225,-0.0107392433286192
2020-03-03,21651.9902,21719.7793,21082.7305,21082.7305,105300.0,^N225,-0.000821324659234901
2020-03-02,20849.7891,21593.1094,20834.2891,21344.0801,123700.0,^N225,0.0123963829068534
2020-02-28,21518.0098,21528.1309,20916.4004,21142.9609,148500.0,^N225,-0.00942271576276554
2020-02-27,22255.8301,22272.2598,21844.2891,21948.2305,106200.0,^N225,0.0380868887668426
2020-02-26,22374.1406,22456.5508,22127.4199,22426.1895,99300.0,^N225,0.0217766530199324
2020-02-25,22949.3691,22950.2305,22335.2109,22605.4102,105800.0,^N225,0.00799158055807903
2020-02-21,23427.7695,23588.5508,23378.3301,23386.7402,62100.0,^N225,0.034563849675243
2020-02-20,23666.5801,23806.5605,23426.4199,23479.1504,63300.0,^N225,0.00395139293504432
2020-02-19,23329.3301,23468.5605,23234.9609,23400.6992,61600.0,^N225,-0.00334131340629773
2020-02-18,23398.5703,23402.0098,23133.5996,23193.8008,59500.0,^N225,-0.00884154777734159
2020-02-17,23489.7793,23561.9805,23335.9902,23523.2402,54000.0,^N225,0.0142037694830939
2020-02-14,23714.5195,23738.4199,23603.4805,23687.5898,69100.0,^N225,0.00698669054954437
2020-02-13,23849.7598,23908.8496,23784.3105,23827.7305,64500.0,^N225,0.00591620765064071
2020-02-12,23741.2109,23869.7305,23693.7207,23861.2109,74600.0,^N225,0.00140510234493374
2020-02-10,23631.7891,23788.25,23621.7207,23685.9805,56500.0,^N225,-0.00734373459646998
2020-02-07,23899.0098,23943.4492,23759.4199,23827.9805,65400.0,^N225,0.00599510752784749
2020-02-06,23641.0996,23995.3691,23625.1309,23873.5898,95100.0,^N225,0.00191410682076065
2020-02-05,23351.4707,23414.6895,23241.6406,23319.5605,70300.0,^N225,-0.0232067864381251
2020-02-04,22881.1309,23118.1309,22854.4492,23084.5898,67900.0,^N225,-0.0100761204311719
2020-02-03,22874.2695,23023.7305,22775.9199,22971.9395,72500.0,^N225,-0.00487989177958026
2020-01-31,23148.9199,23421.5898,23139.9805,23205.1797,75400.0,^N225,0.0101532654654606
2020-01-30,23284.5801,23318.5703,22892.9492,22977.75,69600.0,^N225,-0.00980081615140438
2020-01-29,23309.3203,23392.6094,23214.2793,23379.4004,54900.0,^N225,0.0174799708413573
2020-01-28,23126.9297,23243.3594,23115.1504,23215.7109,64400.0,^N225,-0.00700144132011193
2020-01-27,23427.9004,23463.8906,23317.3203,23343.5098,62400.0,^N225,0.00550484542775731
2020-01-24,23850.1191,23869.3809,23755.3203,23827.1797,48700.0,^N225,0.0207196734400241
2020-01-23,23843.5098,23910.0098,23779.2305,23795.4395,55500.0,^N225,-0.00133210058427524
2020-01-22,23835.4902,24040.8691,23831.0996,24031.3496,49000.0,^N225,0.00991408878999689
2020-01-21,24072.8105,24081.75,23843.4805,23864.5605,44600.0,^N225,-0.00694047994707725
2020-01-20,24080.6797,24108.1094,24061.6699,24083.5098,38300.0,^N225,0.00917466299033665
2020-01-17,24103.4492,24115.9492,24013.75,24041.2598,59400.0,^N225,-0.00175431240507973
2020-01-16,23960.1992,23975.3809,23905.3809,23933.1309,55400.0,^N225,-0.00449763868031572
2020-01-15,23923.4805,23997.3906,23875.8203,23916.5801,57200.0,^N225,-0.000691543453681609
2020-01-14,23969.0391,24059.8594,23951.6602,24025.1699,64200.0,^N225,0.00454035650356222
2020-01-10,23813.2793,23903.2891,23761.0801,23850.5703,55900.0,^N225,-0.00726736171801234
2020-01-09,23530.2891,23767.0898,23506.1504,23739.8691,62200.0,^N225,-0.00464144876233841
2020-01-08,23217.4902,23303.2109,22951.1797,23204.7598,79400.0,^N225,-0.0225405328793493
2020-01-07,23320.1191,23577.4395,23299.9199,23575.7207,64300.0,^N225,0.0159864141321557
2020-01-06,23319.7598,23365.3594,23148.5293,23204.8594,72800.0,^N225,-0.0157306452990004
2019-12-30,23770.9297,23782.4902,23656.6191,23656.6191,41600.0,^N225,0.0194683230875339
2019-12-27,23953.75,23967.1797,23837.7207,23837.7207,44800.0,^N225,0.0076554303569103
2019-12-26,23787.6992,23931.5098,23775.4004,23924.9199,40300.0,^N225,0.00365803430191214
2019-12-25,23813.5898,23824.8496,23782.8691,23782.8691,31600.0,^N225,-0.0059373573911109
2019-12-24,23839.1797,23853.5605,23796.3496,23830.5801,37900.0,^N225,0.00200610783330601
2019-12-23,23921.2891,23923.0898,23810.8203,23821.1094,45200.0,^N225,-0.000397417937803235
2019-12-20,23893.4492,23908.7695,23746.6309,23816.6309,70300.0,^N225,-0.000188005517492873
2019-12-19,23911.4609,23945.5293,23835.2891,23864.8496,55600.0,^N225,0.00202458106700565
2019-12-18,24023.2695,24046.0898,23919.3594,23934.4297,66300.0,^N225,0.00291558929413904
2019-12-17,24091.1191,24091.1191,23996.5098,24066.1191,64000.0,^N225,0.00550209057205975
2019-12-16,23955.1992,24036.3008,23950.0508,23952.3496,53300.0,^N225,-0.00472737210047292
2019-12-13,23810.5605,24050.0391,23775.7305,24023.0996,115500.0,^N225,0.00295378120232503
2019-12-12,23449.2793,23468.1504,23360.4297,23424.8105,56300.0,^N225,-0.0249047421008071
2019-12-11,23421.1406,23438.4297,23333.6309,23391.8594,61300.0,^N225,-0.00140667520021132
2019-12-10,23372.3906,23449.4707,23336.9297,23410.1895,52800.0,^N225,0.000783610216124941
2019-12-09,23544.3105,23544.3105,23360.0098,23430.6992,55800.0,^N225,0.00087610140874772
2019-12-06,23347.6699,23412.4805,23338.4004,23354.4004,54400.0,^N225,-0.0032563603565019
2019-12-05,23292.6992,23363.4395,23259.8203,23300.0898,61400.0,^N225,-0.0023254975109529
2019-12-04,23186.7402,23203.7695,23044.7793,23135.2305,58100.0,^N225,-0.00707547916832496
2019-12-03,23231.1406,23388.1797,23186.8398,23379.8105,58800.0,^N225,0.0105717554878046
2019-12-02,23388.6309,23562.0508,23378.4004,23529.5,47700.0,^N225,0.00640251126073066
2019-11-29,23497.4395,23498.7695,23273.3691,23293.9102,52100.0,^N225,-0.0100125289530165
2019-11-28,23458.8809,23482.3203,23367.3301,23409.1406,44800.0,^N225,0.00494680364999445
2019-11-27,23452.8496,23507.8203,23418.2305,23437.7695,52200.0,^N225,0.00122297953988104
2019-11-26,23451.4004,23608.0605,23350.0996,23373.3203,94300.0,^N225,-0.00274980091428922
2019-11-25,23292.8496,23347.1797,23255.3906,23292.8105,50300.0,^N225,-0.00344451703765847
2019-11-22,23030.3301,23219.5098,23030.3301,23112.8809,55600.0,^N225,-0.00772468397491144
2019-11-21,23071.4902,23108.0801,22726.7109,23038.5801,69800.0,^N225,-0.00321469228874882
2019-11-20,23176.4902,23303.1699,23086.1191,23148.5703,65700.0,^N225,0.00477417442926531
2019-11-19,23366.3594,23389.5293,23244.9297,23292.6504,64200.0,^N225,0.00622414681048356
2019-11-18,23304.25,23420.6191,23271.2891,23416.7598,57300.0,^N225,0.00532826440395118
2019-11-15,23160.5293,23340.7695,23121.5898,23303.3203,72200.0,^N225,-0.00484437219192047
